date,headline,summary,close_price,Headline_Sentiment,Content_Sentiment
2024-05-24,Investing on Steroids: 7 High-Growth Stocks for the Bold and Daring,Looking for stock market analysis and research with proves results? Zacks.com offers in-depth financial research with over 30years of proven results.,15.760000228881836,0.6249,0.0
2024-05-22,Freshworks Q1: Downgrade To Hold Because Of Weak Near-Term Performance,"Freshworks 1Q24Â results showed weaker growth in billings, customer adds, and net dollar retention.Â Read the reasonsÂ why IÂ revised FRSH rating fromÂ buyÂ to hold.",15.31999969482422,-0.4404,-0.0772
2024-05-20,"Freshworks price target lowered by $10 at Needham, here's why, Wall Street Analysts Are Bullish on Top Technology Picks","Looking for stock market analysis and research with proves results? Zacks.com offers in-depth financial research with over 30years of proven results., Looking for stock market analysis and research with proves results? Zacks.com offers in-depth financial research with over 30years of proven results.",15.804999828338625,0.0772,0.0
2024-05-16,"10 Information Technology Stocks Whale Activity In Today's Session, Freshworks management to meet with Needham","Looking for stock market analysis and research with proves results? Zacks.com offers in-depth financial research with over 30years of proven results., Looking for stock market analysis and research with proves results? Zacks.com offers in-depth financial research with over 30years of proven results.",15.279999732971191,0.0,0.0
2024-05-15,"Tiger Global exits PDD Holdings, boosts Alphabet, Amazon among 1Q moves, Tiger Global exits PDD Holdings, boosts Alphabet, Amazon, cuts JD.com, Chase Coleman's Tiger Global exits PDD, boosts Amazon in Q1","Looking for stock market analysis and research with proves results? Zacks.com offers in-depth financial research with over 30years of proven results., Looking for stock market analysis and research with proves results? Zacks.com offers in-depth financial research with over 30years of proven results., Looking for stock market analysis and research with proves results? Zacks.com offers in-depth financial research with over 30years of proven results.",14.106666564941406,0.7783,0.0
2024-05-14,Freshworks to Participate in Upcoming Investor Conferences,"SAN MATEO, Calif., May 14, 2024 (GLOBE NEWSWIRE) -- Freshworks Inc., (NASDAQ: FRSH) today announced participation in the following events: J.P. Morgan 52nd Annual Global Technology, Media and Communications Conference: Dennis Woodside, Chief Executive Officer, is scheduled to participate in a fireside chat on Tuesday, May 21, 2024 at 6:30 a.m. Pacific Time / 9:30 a.m. Eastern TimeJefferies Software Conference: Tyler Sloat, Chief Financial Officer, is scheduled to participate in a fireside chat o",11.34000015258789,0.0,0.0
2024-05-12,Alphabet Bought Up Two Slumping Stocks,YouTube and Google parent Alphabet bought more GitLab and Prime Medicine stock in the first quarter.,11.0,0.0,0.0
2024-05-08,"Freshwork (FRSH) Loses -23.99% in 4 Weeks, Here's Why a Trend Reversal May be Around the Corner, Expert Outlook: Freshworks Through The Eyes Of 11 Analysts, Analysts Are Bullish on Top Technology Stocks: Freshworks (FRSH), CyberArk Software (CYBR)","Freshwork (FRSH) has become technically an oversold stock now, which implies exhaustion of the heavy selling pressure on it. This, combined with strong agreement among Wall Street analysts in revising earnings estimates higher, indicates a potential trend reversal for the stock in the near term., Looking for stock market analysis and research with proves results? Zacks.com offers in-depth financial research with over 30years of proven results., Looking for stock market analysis and research with proves results? Zacks.com offers in-depth financial research with over 30years of proven results.",11.12333329518636,-0.128,0.4871
2024-05-07,HubSpot (HUBS) Reports Q1: Everything You Need To Know Ahead Of Earnings,Sales and marketing software maker HubSpot (NYSE:HUBS) will be reporting results tomorrow after the bell. Here's what to look for.,11.449999809265137,0.0,0.0
2024-05-06,Freshworks Inc. (NASDAQ:FRSH) Q1 2024 Earnings Call Transcript,"Freshworks Inc. (NASDAQ:FRSH) Q1 2024 Earnings Call Transcript May 1, 2024 Freshworks Inc. isn’t one of the 30 most popular stocks among hedge funds at the end of the third quarter (see the details here). Operator: Good day and thank you for standing by. Welcome to the Freshworks First Quarter 2024 Conference Call. At this […]",11.170000076293944,0.0,0.8883
2024-05-03,"Freshworks First Quarter 2024 Earnings: EPS Beats Expectations, Freshworks price target lowered by $7 at Canaccord, here's why, Freshworks price target lowered by $5 at Barclays, here's why","Freshworks ( NASDAQ:FRSH ) First Quarter 2024 Results Key Financial Results Revenue: US$165.1m (up 20% from 1Q 2023..., Looking for stock market analysis and research with proves results? Zacks.com offers in-depth financial research with over 30years of proven results., Looking for stock market analysis and research with proves results? Zacks.com offers in-depth financial research with over 30years of proven results.",12.99666659037272,-0.25,0.0
2024-05-02,"Why Freshworks Stock Crashed Today, Why Freshworks (FRSH) Stock Is Down Today, Q1 2024 Freshworks Inc Earnings Call, Analysts Offer Insights on Technology Companies: Freshworks (FRSH), Remitly Global (RELY) and Procore Technologies (PCOR), Freshworks plunges after cutting annual revenue forecast, CEO transition, 12 Information Technology Stocks Moving In Thursday's Intraday Session, These Stocks Are Moving the Most Today: Carvana, Fastly, Peloton, Qualcomm, Apple, DoorDash, Zillow, and More, What You Missed On Wall Street This Morning, Freshworks Q1 Non-GAAP Earnings, Revenue Increase; Names New Chief Executive, Freshworks price target lowered by $4 at Scotiabank, here's why, Carvana upgraded, Block downgraded: Wall Street's top analyst calls, Scotiabank Sticks to Its Hold Rating for Freshworks (FRSH), Freshworks Inc (FRSH) Q1 2024 Earnings Call Transcript Highlights: Robust Growth and Strategic ..., Why Is Freshworks (FRSH) Stock Down 17% Today?, Freshworks plunges as Oppenheimer cuts as 'lingering AI risks' weigh on outlook, Freshworks price target lowered by $9 at UBS, here's why, CYCC, BCAB and CARV among pre-market losers, Freshworks price target lowered by $4 at Morgan Stanley, here's why, Etsy Reports Downbeat Earnings, Joins Fastly, DoorDash And Other Big Stocks Moving Lower In Thursday's Pre-Market Session, 12 Information Technology Stocks Moving In Thursday's Pre-Market Session, Today’s Biggest Pre-Market Stock Movers: 10 Top Gainers and Losers on Thursday, Freshworks price target lowered by $8 at JMP Securities, here's why, Freshworks price target lowered by $6 at Cantor Fitzgerald, here's why, Freshworks price target lowered by $5 at JPMorgan, here's why, Buy Rating for Freshworks: Solid Market Position and Strong Future Cash Flow Prospects, Nasdaq, S&P 500 Futures Rise Ahead Of Apple Earnings: Why This Analyst Thinks 'No Cut' Scenario May Not Be Negative For Market, Freshworks (FRSH) Q1 2024 Earnings Call Transcript, Freshworks price target lowered by $5 at BofA, here's why, Freshworks just downgraded at Oppenheimer, here's why, Hold Rating on Freshworks Amidst Q1 Underperformance and Forward-Looking Concerns, Hold Rating on Freshworks Amidst Mixed Performance Signals and Revised Revenue Guidance, Why Aspen Aerogels Shares Are Trading Higher By 26%; Here Are 20 Stocks Moving Premarket, Positive Outlook for Freshworks Amidst Leadership Shift and Strategic Acquisitions: A Buy Rating, Freshworks just downgraded at Baird, here's why, What You Missed On Wall Street On Thursday, Analysts’ Opinions Are Mixed on These Technology Stocks: Freshworks (FRSH), TTM Technologies (TTMI) and Fastly (FSLY), XBP, NXTT among major tech gainers; FSLY, BNAI among losers","Freshworks beat Q1 expectations, but investors are worried about what comes next., Shares of business software provider Freshworks (NASDAQ: FRSH) fell 28.9% in the pre-market session after the company reported first-quarter results and provided full-year revenue guidance below expectations. The full year sales outlook was lowered to a range of $695.0 - $705.0m (vs. previous expectation of $703.5 - $711.5m). Additionally, it reported smaller net additions due to increased small-to-medium-sized business churn. The company also announced a leadership change, with Founder and Chie, Q1 2024 Freshworks Inc Earnings Call, Looking for stock market analysis and research with proves results? Zacks.com offers in-depth financial research with over 30years of proven results., The company now expects annual revenue between $695 million and $705 million, compared with its previous forecast of $703.5 million to $711.5 million.  Freshworks said on Wednesday that Dennis Woodside will take over as CEO and founder Girish Mathrubootham will be the executive chairman., Looking for stock market analysis and research with proves results? Zacks.com offers in-depth financial research with over 30years of proven results., Carvana posts a surprise first-quarter profit, Fastly stock sinks after the company issues guidance well below Wall Street estimates, and Peloton’s CEO is stepping down. Apple is scheduled to report fiscal second-quarter earnings after the closing bell Thursday., Looking for stock market analysis and research with proves results? Zacks.com offers in-depth financial research with over 30years of proven results., Freshworks Q1 Non-GAAP Earnings, Revenue Increase; Names New Chief Executive, Looking for stock market analysis and research with proves results? Zacks.com offers in-depth financial research with over 30years of proven results., Looking for stock market analysis and research with proves results? Zacks.com offers in-depth financial research with over 30years of proven results., Looking for stock market analysis and research with proves results? Zacks.com offers in-depth financial research with over 30years of proven results., Discover how Freshworks Inc (FRSH) achieved a 20% revenue increase and strategic enhancements in Q1 2024, amidst leadership transitions and macroeconomic challenges., Looking for stock market analysis and research with proves results? Zacks.com offers in-depth financial research with over 30years of proven results., Looking for stock market analysis and research with proves results? Zacks.com offers in-depth financial research with over 30years of proven results., Looking for stock market analysis and research with proves results? Zacks.com offers in-depth financial research with over 30years of proven results., Looking for stock market analysis and research with proves results? Zacks.com offers in-depth financial research with over 30years of proven results., Looking for stock market analysis and research with proves results? Zacks.com offers in-depth financial research with over 30years of proven results., Looking for stock market analysis and research with proves results? Zacks.com offers in-depth financial research with over 30years of proven results., Looking for stock market analysis and research with proves results? Zacks.com offers in-depth financial research with over 30years of proven results., Looking for stock market analysis and research with proves results? Zacks.com offers in-depth financial research with over 30years of proven results., Looking for stock market analysis and research with proves results? Zacks.com offers in-depth financial research with over 30years of proven results., Looking for stock market analysis and research with proves results? Zacks.com offers in-depth financial research with over 30years of proven results., Looking for stock market analysis and research with proves results? Zacks.com offers in-depth financial research with over 30years of proven results., Looking for stock market analysis and research with proves results? Zacks.com offers in-depth financial research with over 30years of proven results., Looking for stock market analysis and research with proves results? Zacks.com offers in-depth financial research with over 30years of proven results., FRSH earnings call for the period ending March 31, 2024., Looking for stock market analysis and research with proves results? Zacks.com offers in-depth financial research with over 30years of proven results., Looking for stock market analysis and research with proves results? Zacks.com offers in-depth financial research with over 30years of proven results., Looking for stock market analysis and research with proves results? Zacks.com offers in-depth financial research with over 30years of proven results., Looking for stock market analysis and research with proves results? Zacks.com offers in-depth financial research with over 30years of proven results., Looking for stock market analysis and research with proves results? Zacks.com offers in-depth financial research with over 30years of proven results., Looking for stock market analysis and research with proves results? Zacks.com offers in-depth financial research with over 30years of proven results., Looking for stock market analysis and research with proves results? Zacks.com offers in-depth financial research with over 30years of proven results., Looking for stock market analysis and research with proves results? Zacks.com offers in-depth financial research with over 30years of proven results., Looking for stock market analysis and research with proves results? Zacks.com offers in-depth financial research with over 30years of proven results., Looking for stock market analysis and research with proves results? Zacks.com offers in-depth financial research with over 30years of proven results.",14.178378414463351,-0.7801,0.951
2024-05-01,"Freshworks Inc. (FRSH) Tops Q1 Earnings and Revenue Estimates, Freshworks Inc (FRSH) Q1 2024 Earnings: Surpasses Revenue Forecasts and Achieves Strong Free ..., Freshworks Inc. (FRSH) Q1 2024 Earnings Call Transcript, Freshworks's (NASDAQ:FRSH) Q1: Beats On Revenue But Stock Drops 17.9%, Freshworks Earnings Beat Expectations, But Guidance Disappoints. There’s a New CEO, Too., Freshworks Announces CEO Transition, Freshworks Reports First Quarter 2024 Results, Freshworks Inc. 2024 Q1 - Results - Earnings Call Presentation, Freshworks : First Quarter 2024 Earnings Presentation, Freshworks names Dennis Woodside as CEO, shares tumble, Freshworks names Dennis Woodside as CEO, US Stocks Mixed Ahead Of Fed Meeting, Chipmakers Tumble After AMD Earnings, Bitcoin Sinks: What's Driving Markets Wednesday?, FRSH Stock Earnings: Freshworks Beats EPS, Beats Revenue for Q1 2024, Wall Street Set To Open Lower After AMD Earnings Disappoint As Traders Look To Fed's Powell For Relief: Why This Analyst Sees Incoming Summer Rally, Fly Intel: After-Hours Movers, Freshworks raises FY24 EPS view to 32c-35c from 29c-31c, consensus 30c, Freshworks sees Q2 EPS 5c-6c, consensus 5c, VRM,  FRSH and MRAM  are among after hour movers, Freshworks Leadership Changes and Market Strategy Shift, 12 Information Technology Stocks Moving In Wednesday's After-Market Session, Freshworks appoints Dennis Woodside as CEO, Freshworks announces  Dennis Woodside as CEO, effective May 1, Freshworks reports Q1 EPS 10c, consensus 8c","Freshwork (FRSH) delivered earnings and revenue surprises of 25% and 0.99%, respectively, for the quarter ended March 2024. Do the numbers hold clues to what lies ahead for the stock?, Comprehensive Analysis of Freshworks' Financial Performance and Future Outlook, Freshworks Inc. (NASDAQ:NASDAQ:FRSH) Q1 2024 Earnings Conference Call May 1, 2024 5:00 PM ETCompany ParticipantsJoon Huh - VP, IRGirish Mathrubootham -..., Business software provider Freshworks (NASDAQ: FRSH) beat analysts' expectations in Q1 CY2024, with revenue up 19.9% year on year to $165.1 million. On the other hand, next quarter's revenue guidance of $169 million was less impressive, coming in 1.8% below analysts' estimates. It made a non-GAAP profit of $0.10 per share, improving from its profit of $0.03 per share in the same quarter last year., Freshworks  on Wednesday posted first quarter earnings that topped both its own forecast and Wall Street consensus estimates, while offering second-quarter and full-year guidance that came in slightly shy of analyst expectations.  In late trading Wednesday, Freshworks shares are down 18%, at $14.99.  The provider of IT services management and customer support software also announced that founder and CEO Girish Mathrubootham will be replaced effective today by Dennis Woodside, who has been president of the company since September 2022., Founder and CEO Girish Mathrubootham will transition to role of Executive Chairman, President Dennis Woodside to become Chief Executive Officer & PresidentSAN MATEO, Calif., May 01, 2024 (GLOBE NEWSWIRE) -- Freshworks Inc. (NASDAQ: FRSH) today announced the appointment of Dennis Woodside as Freshworks’ Chief Executive Officer & President, effective later today. Woodside, currently Freshworks’ President, will succeed Girish Mathrubootham, the company’s Founder, as CEO. Mathrubootham will transiti, First quarter revenue grew 20% year-over-year, 19% adjusting for constant currencyImproved business efficiency with $40.6 million in net cash provided by operating activities and $38.7 million of free cash flow in the quarter SAN MATEO, Calif., May 01, 2024 (GLOBE NEWSWIRE) -- Freshworks Inc. (NASDAQ: FRSH), a leading software company empowering businesses to delight their customers and employees, today announced financial results for its first quarter ended March 31, 2024. “Freshworks delivered, The following slide deck was published by Freshworks Inc., Q1 2024 Earnings Presentation May 1, 2024 © 2024 Freshworks Inc. All rights reserved. ..., Freshworks said on Wednesdaythat Dennis Woodside will take over as CEO of the CRM softwaremaker, and founder Girish Mathrubootham will be the firm'sexecutive chairman. Shares of the..., Freshworks said on Wednesdaythat Dennis Woodside will take over as CEO of the customerrelationship management software maker, and founder GirishMathrubootham will be the firm's executive..., Looking for stock market analysis and research with proves results? Zacks.com offers in-depth financial research with over 30years of proven results., Looking for stock market analysis and research with proves results? Zacks.com offers in-depth financial research with over 30years of proven results., Looking for stock market analysis and research with proves results? Zacks.com offers in-depth financial research with over 30years of proven results., Looking for stock market analysis and research with proves results? Zacks.com offers in-depth financial research with over 30years of proven results., Looking for stock market analysis and research with proves results? Zacks.com offers in-depth financial research with over 30years of proven results., Looking for stock market analysis and research with proves results? Zacks.com offers in-depth financial research with over 30years of proven results., Looking for stock market analysis and research with proves results? Zacks.com offers in-depth financial research with over 30years of proven results., Looking for stock market analysis and research with proves results? Zacks.com offers in-depth financial research with over 30years of proven results., Looking for stock market analysis and research with proves results? Zacks.com offers in-depth financial research with over 30years of proven results., Looking for stock market analysis and research with proves results? Zacks.com offers in-depth financial research with over 30years of proven results., Looking for stock market analysis and research with proves results? Zacks.com offers in-depth financial research with over 30years of proven results., Looking for stock market analysis and research with proves results? Zacks.com offers in-depth financial research with over 30years of proven results.",14.18652165454367,0.7783,0.9924
2024-04-30,"Can These 4 Internet Software Stocks Hit Q1 Earnings Targets?, Earnings To Watch: Freshworks (FRSH) Reports Q1 Results Tomorrow, The Fresh Factory Reports Fiscal 2023 Results with Record Annual Total Billed Revenue of $23.7M, Freshworks Q1 2024 Earnings Preview","Here, we take a sneak peek into how these Internet software stocks - PAYC, DAY, FRSH, and FSLY - are poised ahead of their earnings releases., Business software provider Freshworks (NASDAQ: FRSH) will be announcing earnings results tomorrow after market hours. Here's what to look for., Looking for stock market analysis and research with proves results? Zacks.com offers in-depth financial research with over 30years of proven results., Looking for stock market analysis and research with proves results? Zacks.com offers in-depth financial research with over 30years of proven results.",13.272500276565552,0.3182,0.3313
2024-04-29,"Will Earnings Cheer Continue To Buoy Markets? Apple, Amazon, Pfizer, Coinbase Lead Flurry Of Q1 Reports This Week",Looking for stock market analysis and research with proves results? Zacks.com offers in-depth financial research with over 30years of proven results.,14.229999542236328,0.6124,0.0
2024-04-25,"Freshworks May Face International Revenue Headwinds, Freshworks (FRSH) Receives a Rating Update from a Top Analyst","Freshworks Inc. provides online operations management software tools and operates in the customer service and CRM markets. Read more on FRSH stock here., Looking for stock market analysis and research with proves results? Zacks.com offers in-depth financial research with over 30years of proven results.",13.235000133514404,0.2023,0.0
2024-04-23,Playvox Brings New Integrated Workforce Management Solutions to Freshworks Customer Service Applications,"Playvox, the leading provider of Workforce Engagement Management (WEM) solutions for digital-first contact and support centers, officially announced its new Workforce Management Software (WFM) integration to Freshworks Customer Service Applications via an app on the Freshworks Marketplace. The AI-powered app will help businesses better manage their agent schedules in an omnichannel setup, forecast support workloads across channels, and plan short-term schedules and long-term resource requirement",13.899999618530272,0.1779,0.9287
2024-04-19,First Week of June 21st Options Trading For Freshworks (FRSH),Looking for stock market analysis and research with proves results? Zacks.com offers in-depth financial research with over 30years of proven results.,14.869999885559082,0.0,0.0
2024-04-17,"Freshworks price target lowered by $2 at Morgan Stanley, here's why, Fresh Factory Showcases State-Fueled Growth, The Fresh Factory Welcomes Illinois State Treasurer Michael Frerichs for On-Site Visit","Looking for stock market analysis and research with proves results? Zacks.com offers in-depth financial research with over 30years of proven results., Looking for stock market analysis and research with proves results? Zacks.com offers in-depth financial research with over 30years of proven results., Looking for stock market analysis and research with proves results? Zacks.com offers in-depth financial research with over 30years of proven results.",14.420000076293944,0.836,0.0
2024-04-16,Jefferies software/Internet analyst to hold analyst/industry conference call,Looking for stock market analysis and research with proves results? Zacks.com offers in-depth financial research with over 30years of proven results.,12.850000381469728,0.0,0.0
2024-04-12,Why Freshworks Inc. (NASDAQ:FRSH) Could Be Worth Watching,"Freshworks Inc. ( NASDAQ:FRSH ), is not the largest company out there, but it saw significant share price movement...",12.9399995803833,0.2263,0.6124
2024-04-10,"ClearBridge Mid Cap Strategy Q1 2024 Portfolio Manager Commentary, Freshworks to Announce First Quarter 2024 Financial Results on May 1, 2024","Looking for stock market analysis and research with proves results? Zacks.com offers in-depth financial research with over 30years of proven results., Freshworks Inc. will announce its financial results for the first quarter ended March 31, 2024 following the close of market on Wednesday, May 1, 2024.Freshworks will host a live audio webcast...",12.949999809265137,0.0,0.0
2024-04-01,Q4 Rundown: Freshworks (NASDAQ:FRSH) Vs Other Sales Software Stocks,"Quarterly earnings results are a good time to check in on a company’s progress, especially compared to other peers in the same sector. Today we are looking at Freshworks (NASDAQ:FRSH), and the best and worst performers in the sales software group.",12.520000457763672,0.0,0.7003
2024-03-27,"Freshworks : OdontoCompany Enhances IT Operations with Freshworks Solutions, Driving Customer Satisfaction","Back to Press Releases OdontoCompany Enhances IT Operations with Freshworks Solutions, Driving Customer Satisfaction Brazil's largest dental chain enhances...",13.40999984741211,0.5574,0.5574
2024-03-20,Porsche eBike Performance Accelerates IT Efficiency with Freshworks’ AI-Powered Enterprise Software,"Leveraging the automation capabilities and bots within Freshservice, the Porsche subsidiary automated and scaled IT service to elevate their employee experienceBERLIN, March 20, 2024 (GLOBE NEWSWIRE) -- Freshworks Inc. (NASDAQ: FRSH) announces that Porsche eBike Performance, a Porsche subsidiary dedicated to developing pioneering electric drive systems for e-bikes, has streamlined its IT operations with Freshworks’ AI powered business software, Freshservice™ and Freddy Copilot capabilities to fu",13.6899995803833,0.3612,-0.4019
2024-03-19,"3 Unloved Software Stocks That Could Rebound 1,000%","Software stocks usually trade at steep premiums compared to the broader market. SaaS names in particular often garner nosebleed valuations exceeding 10-times forward sales (or higher), even with ho-hum growth in the low double-digits. Why the frothy multiples? One word: margins. The profit generation potential with these companies tends to trounce most other industries. When software companies demonstrate an ability to convert revenue into earnings efficiently, Wall Street happily pays up for th",12.989999771118164,-0.4404,0.9001
2024-03-18,"Prestige Consumer HC, Rush Street Interactive, and Zeta - added to Oppenheimer’s Trifecta list",Looking for stock market analysis and research with proves results? Zacks.com offers in-depth financial research with over 30years of proven results.,13.06999969482422,0.0,0.0
2024-03-16,Are Investors Undervaluing Freshworks Inc. (NASDAQ:FRSH) By 39%?,Key Insights Freshworks' estimated fair value is US$29.08 based on 2 Stage Free Cash Flow to Equity Freshworks is...,13.229999542236328,0.0,0.7906
2024-03-13,"Director Jennifer Taylor Sells 7,028 Shares of Freshworks Inc (FRSH)","Jennifer Taylor, a Director at Freshworks Inc (NASDAQ:FRSH), has sold 7,028 shares of the company on March 11, 2024, according to a recent SEC Filing.",12.789999961853027,0.296,0.296
2024-03-05,Freshworks Breaks Below 200-Day Moving Average - Notable for FRSH,Looking for stock market analysis and research with proves results? Zacks.com offers in-depth financial research with over 30years of proven results.,13.84000015258789,0.0,0.0
2024-03-04,HubSpot's Valuation Signals Irrational Exuberance Despite Uncertain Conditions Ahead,Looking for stock market analysis and research with proves results? Zacks.com offers in-depth financial research with over 30years of proven results.,13.15999984741211,-0.1311,0.0
2024-02-29,"Insider Sell: Freshworks Inc (FRSH) CEO Rathnagirish Mathrubootham Sells 475,000 Shares, Analysts Offer Insights on Technology Companies: First Solar (FSLR), Pagseguro Digital (PAGS) and Freshworks (FRSH)","Rathnagirish Mathrubootham, Chief Executive Officer of Freshworks Inc (NASDAQ:FRSH), has sold 475,000 shares of the company on February 27, 2024, according to a recent SEC Filing., Looking for stock market analysis and research with proves results? Zacks.com offers in-depth financial research with over 30years of proven results.",13.730000019073486,0.296,0.296
2024-02-28,Buy Rating Affirmed for Freshworks Amid Market Overreaction and Strong Customer Retention,Looking for stock market analysis and research with proves results? Zacks.com offers in-depth financial research with over 30years of proven results.,13.59000015258789,0.3818,0.0
2024-02-20,"Apple, Tesla downgraded: Wall Street's top analyst calls, Freshworks just upgraded at Wolfe Research, here's why, Analysts’ Opinions Are Mixed on These Technology Stocks: Freshworks (FRSH) and Entegris (ENTG)","Looking for stock market analysis and research with proves results? Zacks.com offers in-depth financial research with over 30years of proven results., Looking for stock market analysis and research with proves results? Zacks.com offers in-depth financial research with over 30years of proven results., Looking for stock market analysis and research with proves results? Zacks.com offers in-depth financial research with over 30years of proven results.",12.62999979654948,0.2023,0.0
2024-02-18,Freshworks Full Year 2023 Earnings: EPS Beats Expectations,Freshworks ( NASDAQ:FRSH ) Full Year 2023 Results Key Financial Results Revenue: US$596.4m (up 20% from FY 2022). Net...,12.31999969482422,0.0,0.0
2024-02-16,Freshworks Revamps Executive Compensation Amid Market Challenges,Looking for stock market analysis and research with proves results? Zacks.com offers in-depth financial research with over 30years of proven results.,12.93000030517578,0.0772,0.0
2024-02-14,"Director Jennifer Taylor Sells 7,035 Shares of Freshworks Inc (FRSH)","Jennifer Taylor, a director at Freshworks Inc (NASDAQ:FRSH), executed a sale of 7,035 shares in the company on February 12, 2024, according to a recent SEC Filing.",13.550000190734863,0.296,0.296
2024-02-10,"Director Roxanne Austin Sells 6,303 Shares of Freshworks Inc (FRSH)","Director Roxanne Austin executed a sale of 6,303 shares of Freshworks Inc (NASDAQ:FRSH) on February 9, 2024, according to a recent SEC Filing.",12.800000190734863,0.296,0.296
2024-02-09,"Freshworks: Large TAM Paired With Strong Execution, Analysts Offer Insights on Technology Companies: Affirm Holdings (AFRM), Dynatrace (DT) and Freshworks (FRSH)","Freshworks has demonstrated strong execution and demand trends, in a challenging macro environment. Click here to read more on FRSH stock., Looking for stock market analysis and research with proves results? Zacks.com offers in-depth financial research with over 30years of proven results.",14.419999599456789,0.5106,0.5267
2024-02-08,Buy Rating Affirmed: Freshworks Exceeds Performance Indicators with Strong Q4 and Promising Enterprise Growth,Looking for stock market analysis and research with proves results? Zacks.com offers in-depth financial research with over 30years of proven results.,14.260000228881836,0.8225,0.0
2024-02-07,"Dow Jones Rises As Market Rally Hits New Highs; 4 Stocks Flash Buy Signals, Q4 2023 Freshworks Inc Earnings Call, Freshworks Inc. (NASDAQ:FRSH) Q4 2023 Earnings Call Transcript, Freshworks Q4 Earnings: Growth Uncertainty Beyond 2024, Freshworks Appoints Abe Smith as Chief of Global Field Operations, Buy Rating Affirmed for Freshworks Amid Strong Q4 Performance and Promising Growth Prospects, Freshworks (FRSH) Gets a Buy from Piper Sandler, Earnings To Watch: VeriSign (VRSN) Reports Q4 Results Tomorrow, LiveRamp Earnings: What To Look For From RAMP, Analysts’ Opinions Are Mixed on These Technology Stocks: HubSpot (HUBS), Model N (MODN) and Freshworks (FRSH), Analysts Offer Insights on Technology Companies: Infineon Technologies AG (OtherIFNNF), Freshworks (FRSH) and Fortinet (FTNT), Freshworks: A Hold Rating Amidst Resilient Growth and Conservative Margin Expansion Expectations, Analysts Conflicted on These Technology Names: Freshworks (FRSH), Sonos (SONO) and GoDaddy (GDDY), Freshworks price target raised by $4 at JMP Securities, here's why, Barclays Keeps Their Hold Rating on Freshworks (FRSH), Freshworks (FRSH) Q4 2023 Earnings Call Transcript","The major indexes opened near highs. Snap is crashing on earnings but Fortinet and several stocks may offer buying opportunities., Q4 2023 Freshworks Inc Earnings Call, Freshworks Inc. (NASDAQ:FRSH) Q4 2023 Earnings Call Transcript February 6, 2024 Freshworks Inc. isn’t one of the 30 most popular stocks among hedge funds at the end of the third quarter (see the details here). Operator: Good day and thank you for standing by. Welcome to the Freshworks Fourth Quarter and Full Year 2023 Conference […], , Former Zoom executive brings enterprise experience driving revenue at leading Silicon Valley cloud companies Abe Smith, Chief of Global Field Operations, Freshworks Former Zoom executive brings enterprise experience driving revenue at leading Silicon Valley cloud companies SAN MATEO, Calif., Feb. 07, 2024 (GLOBE NEWSWIRE) -- Freshworks Inc., (NASDAQ: FRSH) today announced the appointment of Abe Smith as the company’s Chief of Global Field Operations. He will be responsible for leading field sale, Looking for stock market analysis and research with proves results? Zacks.com offers in-depth financial research with over 30years of proven results., Looking for stock market analysis and research with proves results? Zacks.com offers in-depth financial research with over 30years of proven results., Domain name registry operator Verisign (NASDAQ:VRSN) will be reporting earnings tomorrow after market hours. Here's what investors should know., Advertising data platform LiveRamp (NYSE:RAMP) will be reporting earnings tomorrow after market close. Here's what investors should know., Looking for stock market analysis and research with proves results? Zacks.com offers in-depth financial research with over 30years of proven results., Looking for stock market analysis and research with proves results? Zacks.com offers in-depth financial research with over 30years of proven results., Looking for stock market analysis and research with proves results? Zacks.com offers in-depth financial research with over 30years of proven results., Looking for stock market analysis and research with proves results? Zacks.com offers in-depth financial research with over 30years of proven results., Looking for stock market analysis and research with proves results? Zacks.com offers in-depth financial research with over 30years of proven results., Looking for stock market analysis and research with proves results? Zacks.com offers in-depth financial research with over 30years of proven results., FRSH earnings call for the period ending December 31, 2023.",14.004374980926514,0.93,0.9645
2024-02-06,"Freshworks Inc. (FRSH) Q4 2023 Earnings Call Transcript, Freshworks Inc (FRSH) Posts 20% Revenue Growth in Q4; Full Year 2023 Results Show Improved ..., Freshworks (NASDAQ:FRSH) Surprises With Q4 Sales, Guides For 18.6% Growth Next Year, Freshworks Earnings Top Estimates, Thanks to AI, Freshworks Reports Fourth Quarter and Full Year 2023 Results, Freshworks beats fourth quarter revenue estimates on AI-powered demand, Analysts Are Bullish on Top Technology Stocks: NXP Semiconductors (NXPI), Freshworks (FRSH), Q3 2023 Freshworks Inc Earnings Call Transcript, Freshworks Inc Investor Day Transcript, Freshworks Inc at Oppenheimer Technology, Internet & Communications Conference (Virtual) ..., Q2 2023 Freshworks Inc Earnings Call Transcript, Freshworks Inc Q2 2023 Product Launch Event Transcript, Freshworks Inc at JPMorgan Global Technology, Media and Communications Conference Transcript, Freshworks Inc at Needham Technology and Media Conference Transcript, Q1 2023 Freshworks Inc Earnings Call Transcript, Freshworks Inc at Morgan Stanley Technology, Media & Telecom Conference Transcript, Full Year 2022 Freshworks Inc Earnings Call Transcript, Freshworks Inc at Barclays Global Technology, Media and Telecommunications Conference Transcript, Q3 2022 Freshworks Inc Earnings Call Transcript, Q2 2022 Freshworks Inc Earnings Call Transcript, Freshworks Inc at UBS Technology, Media & Telecom Conference Transcript, Freshworks Inc at JPMorgan Global Technology, Media & Communications Conference Transcript, Q1 2022 Freshworks Inc Earnings Call Transcript, Freshworks Inc at Wolfe Research Software's ""March Madness"" Conference (Virtual) ..., Freshworks Inc at Morgan Stanley Technology, Media, and Telecom Conference (Virtual) Transcript, Q4 2021 Freshworks Inc Earnings Call Transcript, Q1 2021 Freshworks Inc Earnings Call Transcript, Freshworks Inc Annual Shareholders Meeting Transcript, CEO Slashes Freshworks Stake, Earnings Scheduled For February 6, 2024, Freshworks Non-GAAP EPS of $0.08 beats by $0.03, revenue of $160.11M beats by $1.65M, Freshworks: Q4 Earnings Insights, Freshworks sees FY24 EPS 29c-31c, consensus 31c, Freshworks sees Q1 EPS 7c-8c, consensus 6c, Freshworks reports Q4 EPS 8c, consensus 5c","Freshworks Inc. (NASDAQ:NASDAQ:FRSH) Q4 2023 Earnings Conference Call February 6, 2024 5:00 AM ETCompany ParticipantsJoon Huh - VP, IRGirish Mathrubootham -..., Strong Finish with Significant Free Cash Flow and Operational Income, Business software provider Freshworks (NASDAQ: FRSH) announced better-than-expected results in Q4 FY2023, with revenue up 20.2% year on year to $160.1 million. The company expects next quarter's revenue to be around $163.5 million, in line with analysts' estimates. It made a non-GAAP profit of $0.08 per share, improving from its profit of $0.01 per share in the same quarter last year., Freshworks is the latest enterprise-software company to attribute strong performance in part to the rollout of new artificial-intelligence features., Full year revenue grew 20% year-over-year for both as reported and constant currencyFourth quarter revenue grew 20% year-over-year, 19% adjusting for constant currencyImproved business efficiency with $30.9 million in net cash provided by operating activities and $28.6 million of free cash flow in the quarter SAN MATEO, Calif., Feb. 06, 2024 (GLOBE NEWSWIRE) -- Freshworks Inc. (NASDAQ: FRSH), a leading software company empowering businesses to delight their customers and employees, today announc, Software firm Freshworks beatWall Street estimates for fourth-quarter revenue on Tuesday,driven by a surge in demand for its AI-powered customer supportand IT services products. ..., Looking for stock market analysis and research with proves results? Zacks.com offers in-depth financial research with over 30years of proven results., Looking for stock market analysis and research with proves results? Zacks.com offers in-depth financial research with over 30years of proven results., Looking for stock market analysis and research with proves results? Zacks.com offers in-depth financial research with over 30years of proven results., Looking for stock market analysis and research with proves results? Zacks.com offers in-depth financial research with over 30years of proven results., Looking for stock market analysis and research with proves results? Zacks.com offers in-depth financial research with over 30years of proven results., Looking for stock market analysis and research with proves results? Zacks.com offers in-depth financial research with over 30years of proven results., Looking for stock market analysis and research with proves results? Zacks.com offers in-depth financial research with over 30years of proven results., Looking for stock market analysis and research with proves results? Zacks.com offers in-depth financial research with over 30years of proven results., Looking for stock market analysis and research with proves results? Zacks.com offers in-depth financial research with over 30years of proven results., Looking for stock market analysis and research with proves results? Zacks.com offers in-depth financial research with over 30years of proven results., Looking for stock market analysis and research with proves results? Zacks.com offers in-depth financial research with over 30years of proven results., Looking for stock market analysis and research with proves results? Zacks.com offers in-depth financial research with over 30years of proven results., Looking for stock market analysis and research with proves results? Zacks.com offers in-depth financial research with over 30years of proven results., Looking for stock market analysis and research with proves results? Zacks.com offers in-depth financial research with over 30years of proven results., Looking for stock market analysis and research with proves results? Zacks.com offers in-depth financial research with over 30years of proven results., Looking for stock market analysis and research with proves results? Zacks.com offers in-depth financial research with over 30years of proven results., Looking for stock market analysis and research with proves results? Zacks.com offers in-depth financial research with over 30years of proven results., Looking for stock market analysis and research with proves results? Zacks.com offers in-depth financial research with over 30years of proven results., Looking for stock market analysis and research with proves results? Zacks.com offers in-depth financial research with over 30years of proven results., Looking for stock market analysis and research with proves results? Zacks.com offers in-depth financial research with over 30years of proven results., Looking for stock market analysis and research with proves results? Zacks.com offers in-depth financial research with over 30years of proven results., Looking for stock market analysis and research with proves results? Zacks.com offers in-depth financial research with over 30years of proven results., Looking for stock market analysis and research with proves results? Zacks.com offers in-depth financial research with over 30years of proven results., Looking for stock market analysis and research with proves results? Zacks.com offers in-depth financial research with over 30years of proven results., Looking for stock market analysis and research with proves results? Zacks.com offers in-depth financial research with over 30years of proven results., Looking for stock market analysis and research with proves results? Zacks.com offers in-depth financial research with over 30years of proven results., Looking for stock market analysis and research with proves results? Zacks.com offers in-depth financial research with over 30years of proven results., Looking for stock market analysis and research with proves results? Zacks.com offers in-depth financial research with over 30years of proven results., Looking for stock market analysis and research with proves results? Zacks.com offers in-depth financial research with over 30years of proven results.",14.886000061035157,0.8591,0.9859
2024-02-05,"Top small-cap ideas by Oppenheimer as sector sees improvement, Earnings Preview For Freshworks, Freshworks (FRSH) Reports Q4: Everything You Need To Know Ahead Of Earnings, Notable earnings after Tuesday's close","Looking for stock market analysis and research with proves results? Zacks.com offers in-depth financial research with over 30years of proven results., Looking for stock market analysis and research with proves results? Zacks.com offers in-depth financial research with over 30years of proven results., Business software provider Freshworks (NASDAQ: FRSH) will be reporting earnings tomorrow after the bell. Here's what investors should know., Looking for stock market analysis and research with proves results? Zacks.com offers in-depth financial research with over 30years of proven results.",16.742499828338623,0.5859,0.0
2024-02-02,JPMorgan ups Freshworks target but 'tactically cautious' into earnings,Looking for stock market analysis and research with proves results? Zacks.com offers in-depth financial research with over 30years of proven results.,16.270000457763672,-0.1531,0.0
2024-01-31,PagerDuty: Deceleration In Customer Growth Is Alarming,"The deceleration in PagerDuty's customer segment is alarming, indicating a loss of appeal for its products. Read why I issued a SELL rating to PD stock.",16.389999389648438,0.2732,-0.4215
2024-01-30,Freshworks (FRSH) Partners With AWS to Expand SaaS Offerings,Freshworks (FRSH) expands its SaaS offerings through its multi-year strategic collaboration agreement with Amazon Web Services.,16.93000030517578,0.3182,0.6486
2024-01-29,"Freshworks Announces Strategic Collaboration Agreement with AWS to Increase the Reach of its AI-boosted Software-as-a-Service, Freshworks enters collaboration agreement with AWS","The collaboration will provide AWS customers an easy way to access Freshworks’ modern business software built for customer support, IT, sales, marketing departments and other business teamsSAN MATEO, Calif., Jan. 29, 2024 (GLOBE NEWSWIRE) -- Freshworks Inc. (NASDAQ: FRSH) announced today that it has signed a multi-year Strategic Collaboration Agreement (SCA) with Amazon Web Services (AWS) to develop and expand Freshworks’ capabilities on AWS. The agreement is set to commence in early 2024, with, Looking for stock market analysis and research with proves results? Zacks.com offers in-depth financial research with over 30years of proven results.",15.804999828338625,0.8316,0.9325
2024-01-28,Freshworks Is Significantly Undervalued And Does Not Reflect The Potential For Expanded Margins,Looking for stock market analysis and research with proves results? Zacks.com offers in-depth financial research with over 30years of proven results.,15.970000267028809,0.0,0.0
2024-01-26,"Analysts Offer Insights on Technology Companies: OSI Systems (OSIS), Intel (INTC) and Freshworks (FRSH)",Looking for stock market analysis and research with proves results? Zacks.com offers in-depth financial research with over 30years of proven results.,16.579999923706055,0.0,0.0
2024-01-25,The Fresh Factory Reports Preliminary Unaudited Q4 2023 Results,Looking for stock market analysis and research with proves results? Zacks.com offers in-depth financial research with over 30years of proven results.,16.559999465942383,0.3182,0.0
2024-01-22,"Analysts Offer Insights on Technology Companies: Freshworks (FRSH), Zebra Tech (ZBRA) and Beam Global (BEEM)",Looking for stock market analysis and research with proves results? Zacks.com offers in-depth financial research with over 30years of proven results.,15.770000457763672,0.0,0.0
2024-01-19,"Freshworks falls amid M Science note on December churn, First Week of March 15th Options Trading For Freshworks (FRSH)","Looking for stock market analysis and research with proves results? Zacks.com offers in-depth financial research with over 30years of proven results., Looking for stock market analysis and research with proves results? Zacks.com offers in-depth financial research with over 30years of proven results.",15.53000020980835,0.0,0.0
2024-01-18,Reflecting On Sales And Marketing Software Stocks’ Q3 Earnings: Yext (NYSE:YEXT),Let's dig into the relative performance of Yext (NYSE:YEXT) and its peers as we unravel the now-completed Q3 sales and marketing software earnings season.,15.3100004196167,0.0,0.0
2024-01-17,Why Freshworks (FRSH) Shares Are Trading Lower Today,"Shares of business software provider Freshworks (NASDAQ: FRSH) fell 5.2% in the morning session after a broader market downturn as the Dow fell for the third straight day amidst surging yields. The decline was influenced by stronger-than-expected December 2023 retail sales, up 0.6% from November 2023 (versus expectations for 0.4% growth), potentially challenging expectations of aggressive Federal Reserve rate cuts in 2024. This marks a shift from the more optimistic market sentiment at the end o",15.34000015258789,0.0,0.5413
2024-01-16,Q3 Rundown: Freshworks (NASDAQ:FRSH) Vs Other Sales Software Stocks,"As Q3 earnings season comes to a close, it’s time to take stock of this quarter's best and worst performers amongst the sales software stocks, including Freshworks (NASDAQ:FRSH) and its peers.",14.890000343322754,0.0,0.0258
2024-01-15,Sales Software Q3 Earnings: HubSpot (NYSE:HUBS) is the Best in the Biz,"The end of the earnings season is always a good time to take a step back and see who shined (and who not so much). Let’s take a look at how the sales software stocks have fared in Q3, starting with HubSpot (NYSE:HUBS).",14.899999618530272,0.6369,0.4404
2024-01-12,"Director Johanna Flower Sells 4,800 Shares of Freshworks Inc (FRSH), Software and SaaS skewed to the upside in 2024 - 3 top picks - Baird, Catalyst Watch: Eyes on oil, Goldman Sachs earnings, Samsung event and Oddity Tech lockup expiration","Johanna Flower, a director at Freshworks Inc (NASDAQ:FRSH), executed a sale of 4,800 shares in the company on January 10, 2024, according to a recent SEC Filing., Looking for stock market analysis and research with proves results? Zacks.com offers in-depth financial research with over 30years of proven results., Looking for stock market analysis and research with proves results? Zacks.com offers in-depth financial research with over 30years of proven results.",14.733333269755043,0.4588,0.3736
2024-01-11,Freshworks to Participate in 26th Annual Needham Growth Conference,"SAN MATEO, Calif., Jan. 11, 2024 (GLOBE NEWSWIRE) -- Freshworks Inc., (NASDAQ: FRSH) today announced that Tyler Sloat, Chief Financial Officer, is scheduled to participate in a fireside chat at the 26th Annual Needham Growth Conference on Wednesday, January 17, 2024 at 8:00 a.m. Pacific Time / 11:00 a.m. Eastern Time. An audio webcast replay will be accessible from the Freshworks investor relations website at https://ir.freshworks.com. About Freshworks Inc.Freshworks Inc., (NASDAQ: FRSH) creates",15.5600004196167,0.3818,0.5719
